id,REG_YYMM,CARD_SIDO_NM,STD_CLSS_NM,AMT
0,202004,강원,건강보조식품 소매업,0
1,202004,강원,골프장 운영업,0
2,202004,강원,과실 및 채소 소매업,0
3,202004,강원,관광 민예품 및 선물용품 소매업,0
4,202004,강원,그외 기타 분류안된 오락관련 서비스업,0
5,202004,강원,그외 기타 스포츠시설 운영업,0
6,202004,강원,그외 기타 종합 소매업,0
7,202004,강원,기타 대형 종합 소매업,0
8,202004,강원,기타 수상오락 서비스업,0
9,202004,강원,기타 외국식 음식점업,0
10,202004,강원,기타 주점업,0
11,202004,강원,기타음식료품위주종합소매업,0
12,202004,강원,내항 여객 운송업,0
13,202004,강원,마사지업,0
14,202004,강원,면세점,0
15,202004,강원,버스 운송업,0
16,202004,강원,비알콜 음료점업,0
17,202004,강원,빵 및 과자류 소매업,0
18,202004,강원,서양식 음식점업,0
19,202004,강원,수산물 소매업,0
20,202004,강원,슈퍼마켓,0
21,202004,강원,스포츠 및 레크레이션 용품 임대업,0
22,202004,강원,여관업,0
23,202004,강원,여행사업,0
24,202004,강원,욕탕업,0
25,202004,강원,육류 소매업,0
26,202004,강원,일반유흥 주점업,0
27,202004,강원,일식 음식점업,0
28,202004,강원,자동차 임대업,0
29,202004,강원,전시 및 행사 대행업,0
30,202004,강원,정기 항공 운송업,0
31,202004,강원,중식 음식점업,0
32,202004,강원,차량용 가스 충전업,0
33,202004,강원,차량용 주유소 운영업,0
34,202004,강원,체인화 편의점,0
35,202004,강원,택시 운송업,0
36,202004,강원,피자 햄버거 샌드위치 및 유사 음식점업,0
37,202004,강원,한식 음식점업,0
38,202004,강원,호텔업,0
39,202004,강원,화장품 및 방향제 소매업,0
40,202004,강원,휴양콘도 운영업,0
41,202004,경기,건강보조식품 소매업,0
42,202004,경기,골프장 운영업,0
43,202004,경기,과실 및 채소 소매업,0
44,202004,경기,관광 민예품 및 선물용품 소매업,0
45,202004,경기,그외 기타 분류안된 오락관련 서비스업,0
46,202004,경기,그외 기타 스포츠시설 운영업,0
47,202004,경기,그외 기타 종합 소매업,0
48,202004,경기,기타 대형 종합 소매업,0
49,202004,경기,기타 수상오락 서비스업,0
50,202004,경기,기타 외국식 음식점업,0
51,202004,경기,기타 주점업,0
52,202004,경기,기타음식료품위주종합소매업,0
53,202004,경기,내항 여객 운송업,0
54,202004,경기,마사지업,0
55,202004,경기,면세점,0
56,202004,경기,버스 운송업,0
57,202004,경기,비알콜 음료점업,0
58,202004,경기,빵 및 과자류 소매업,0
59,202004,경기,서양식 음식점업,0
60,202004,경기,수산물 소매업,0
61,202004,경기,슈퍼마켓,0
62,202004,경기,스포츠 및 레크레이션 용품 임대업,0
63,202004,경기,여관업,0
64,202004,경기,여행사업,0
65,202004,경기,욕탕업,0
66,202004,경기,육류 소매업,0
67,202004,경기,일반유흥 주점업,0
68,202004,경기,일식 음식점업,0
69,202004,경기,자동차 임대업,0
70,202004,경기,전시 및 행사 대행업,0
71,202004,경기,정기 항공 운송업,0
72,202004,경기,중식 음식점업,0
73,202004,경기,차량용 가스 충전업,0
74,202004,경기,차량용 주유소 운영업,0
75,202004,경기,체인화 편의점,0
76,202004,경기,택시 운송업,0
77,202004,경기,피자 햄버거 샌드위치 및 유사 음식점업,0
78,202004,경기,한식 음식점업,0
79,202004,경기,호텔업,0
80,202004,경기,화장품 및 방향제 소매업,0
81,202004,경기,휴양콘도 운영업,0
82,202004,경남,건강보조식품 소매업,0
83,202004,경남,골프장 운영업,0
84,202004,경남,과실 및 채소 소매업,0
85,202004,경남,관광 민예품 및 선물용품 소매업,0
86,202004,경남,그외 기타 분류안된 오락관련 서비스업,0
87,202004,경남,그외 기타 스포츠시설 운영업,0
88,202004,경남,그외 기타 종합 소매업,0
89,202004,경남,기타 대형 종합 소매업,0
90,202004,경남,기타 수상오락 서비스업,0
91,202004,경남,기타 외국식 음식점업,0
92,202004,경남,기타 주점업,0
93,202004,경남,기타음식료품위주종합소매업,0
94,202004,경남,내항 여객 운송업,0
95,202004,경남,마사지업,0
96,202004,경남,면세점,0
97,202004,경남,버스 운송업,0
98,202004,경남,비알콜 음료점업,0
99,202004,경남,빵 및 과자류 소매업,0
100,202004,경남,서양식 음식점업,0
101,202004,경남,수산물 소매업,0
102,202004,경남,슈퍼마켓,0
103,202004,경남,스포츠 및 레크레이션 용품 임대업,0
104,202004,경남,여관업,0
105,202004,경남,여행사업,0
106,202004,경남,욕탕업,0
107,202004,경남,육류 소매업,0
108,202004,경남,일반유흥 주점업,0
109,202004,경남,일식 음식점업,0
110,202004,경남,자동차 임대업,0
111,202004,경남,전시 및 행사 대행업,0
112,202004,경남,정기 항공 운송업,0
113,202004,경남,중식 음식점업,0
114,202004,경남,차량용 가스 충전업,0
115,202004,경남,차량용 주유소 운영업,0
116,202004,경남,체인화 편의점,0
117,202004,경남,택시 운송업,0
118,202004,경남,피자 햄버거 샌드위치 및 유사 음식점업,0
119,202004,경남,한식 음식점업,0
120,202004,경남,호텔업,0
121,202004,경남,화장품 및 방향제 소매업,0
122,202004,경남,휴양콘도 운영업,0
123,202004,경북,건강보조식품 소매업,0
124,202004,경북,골프장 운영업,0
125,202004,경북,과실 및 채소 소매업,0
126,202004,경북,관광 민예품 및 선물용품 소매업,0
127,202004,경북,그외 기타 분류안된 오락관련 서비스업,0
128,202004,경북,그외 기타 스포츠시설 운영업,0
129,202004,경북,그외 기타 종합 소매업,0
130,202004,경북,기타 대형 종합 소매업,0
131,202004,경북,기타 수상오락 서비스업,0
132,202004,경북,기타 외국식 음식점업,0
133,202004,경북,기타 주점업,0
134,202004,경북,기타음식료품위주종합소매업,0
135,202004,경북,내항 여객 운송업,0
136,202004,경북,마사지업,0
137,202004,경북,면세점,0
138,202004,경북,버스 운송업,0
139,202004,경북,비알콜 음료점업,0
140,202004,경북,빵 및 과자류 소매업,0
141,202004,경북,서양식 음식점업,0
142,202004,경북,수산물 소매업,0
143,202004,경북,슈퍼마켓,0
144,202004,경북,스포츠 및 레크레이션 용품 임대업,0
145,202004,경북,여관업,0
146,202004,경북,여행사업,0
147,202004,경북,욕탕업,0
148,202004,경북,육류 소매업,0
149,202004,경북,일반유흥 주점업,0
150,202004,경북,일식 음식점업,0
151,202004,경북,자동차 임대업,0
152,202004,경북,전시 및 행사 대행업,0
153,202004,경북,정기 항공 운송업,0
154,202004,경북,중식 음식점업,0
155,202004,경북,차량용 가스 충전업,0
156,202004,경북,차량용 주유소 운영업,0
157,202004,경북,체인화 편의점,0
158,202004,경북,택시 운송업,0
159,202004,경북,피자 햄버거 샌드위치 및 유사 음식점업,0
160,202004,경북,한식 음식점업,0
161,202004,경북,호텔업,0
162,202004,경북,화장품 및 방향제 소매업,0
163,202004,경북,휴양콘도 운영업,0
164,202004,광주,건강보조식품 소매업,0
165,202004,광주,골프장 운영업,0
166,202004,광주,과실 및 채소 소매업,0
167,202004,광주,관광 민예품 및 선물용품 소매업,0
168,202004,광주,그외 기타 분류안된 오락관련 서비스업,0
169,202004,광주,그외 기타 스포츠시설 운영업,0
170,202004,광주,그외 기타 종합 소매업,0
171,202004,광주,기타 대형 종합 소매업,0
172,202004,광주,기타 수상오락 서비스업,0
173,202004,광주,기타 외국식 음식점업,0
174,202004,광주,기타 주점업,0
175,202004,광주,기타음식료품위주종합소매업,0
176,202004,광주,내항 여객 운송업,0
177,202004,광주,마사지업,0
178,202004,광주,면세점,0
179,202004,광주,버스 운송업,0
180,202004,광주,비알콜 음료점업,0
181,202004,광주,빵 및 과자류 소매업,0
182,202004,광주,서양식 음식점업,0
183,202004,광주,수산물 소매업,0
184,202004,광주,슈퍼마켓,0
185,202004,광주,스포츠 및 레크레이션 용품 임대업,0
186,202004,광주,여관업,0
187,202004,광주,여행사업,0
188,202004,광주,욕탕업,0
189,202004,광주,육류 소매업,0
190,202004,광주,일반유흥 주점업,0
191,202004,광주,일식 음식점업,0
192,202004,광주,자동차 임대업,0
193,202004,광주,전시 및 행사 대행업,0
194,202004,광주,정기 항공 운송업,0
195,202004,광주,중식 음식점업,0
196,202004,광주,차량용 가스 충전업,0
197,202004,광주,차량용 주유소 운영업,0
198,202004,광주,체인화 편의점,0
199,202004,광주,택시 운송업,0
200,202004,광주,피자 햄버거 샌드위치 및 유사 음식점업,0
201,202004,광주,한식 음식점업,0
202,202004,광주,호텔업,0
203,202004,광주,화장품 및 방향제 소매업,0
204,202004,광주,휴양콘도 운영업,0
205,202004,대구,건강보조식품 소매업,0
206,202004,대구,골프장 운영업,0
207,202004,대구,과실 및 채소 소매업,0
208,202004,대구,관광 민예품 및 선물용품 소매업,0
209,202004,대구,그외 기타 분류안된 오락관련 서비스업,0
210,202004,대구,그외 기타 스포츠시설 운영업,0
211,202004,대구,그외 기타 종합 소매업,0
212,202004,대구,기타 대형 종합 소매업,0
213,202004,대구,기타 수상오락 서비스업,0
214,202004,대구,기타 외국식 음식점업,0
215,202004,대구,기타 주점업,0
216,202004,대구,기타음식료품위주종합소매업,0
217,202004,대구,내항 여객 운송업,0
218,202004,대구,마사지업,0
219,202004,대구,면세점,0
220,202004,대구,버스 운송업,0
221,202004,대구,비알콜 음료점업,0
222,202004,대구,빵 및 과자류 소매업,0
223,202004,대구,서양식 음식점업,0
224,202004,대구,수산물 소매업,0
225,202004,대구,슈퍼마켓,0
226,202004,대구,스포츠 및 레크레이션 용품 임대업,0
227,202004,대구,여관업,0
228,202004,대구,여행사업,0
229,202004,대구,욕탕업,0
230,202004,대구,육류 소매업,0
231,202004,대구,일반유흥 주점업,0
232,202004,대구,일식 음식점업,0
233,202004,대구,자동차 임대업,0
234,202004,대구,전시 및 행사 대행업,0
235,202004,대구,정기 항공 운송업,0
236,202004,대구,중식 음식점업,0
237,202004,대구,차량용 가스 충전업,0
238,202004,대구,차량용 주유소 운영업,0
239,202004,대구,체인화 편의점,0
240,202004,대구,택시 운송업,0
241,202004,대구,피자 햄버거 샌드위치 및 유사 음식점업,0
242,202004,대구,한식 음식점업,0
243,202004,대구,호텔업,0
244,202004,대구,화장품 및 방향제 소매업,0
245,202004,대구,휴양콘도 운영업,0
246,202004,대전,건강보조식품 소매업,0
247,202004,대전,골프장 운영업,0
248,202004,대전,과실 및 채소 소매업,0
249,202004,대전,관광 민예품 및 선물용품 소매업,0
250,202004,대전,그외 기타 분류안된 오락관련 서비스업,0
251,202004,대전,그외 기타 스포츠시설 운영업,0
252,202004,대전,그외 기타 종합 소매업,0
253,202004,대전,기타 대형 종합 소매업,0
254,202004,대전,기타 수상오락 서비스업,0
255,202004,대전,기타 외국식 음식점업,0
256,202004,대전,기타 주점업,0
257,202004,대전,기타음식료품위주종합소매업,0
258,202004,대전,내항 여객 운송업,0
259,202004,대전,마사지업,0
260,202004,대전,면세점,0
261,202004,대전,버스 운송업,0
262,202004,대전,비알콜 음료점업,0
263,202004,대전,빵 및 과자류 소매업,0
264,202004,대전,서양식 음식점업,0
265,202004,대전,수산물 소매업,0
266,202004,대전,슈퍼마켓,0
267,202004,대전,스포츠 및 레크레이션 용품 임대업,0
268,202004,대전,여관업,0
269,202004,대전,여행사업,0
270,202004,대전,욕탕업,0
271,202004,대전,육류 소매업,0
272,202004,대전,일반유흥 주점업,0
273,202004,대전,일식 음식점업,0
274,202004,대전,자동차 임대업,0
275,202004,대전,전시 및 행사 대행업,0
276,202004,대전,정기 항공 운송업,0
277,202004,대전,중식 음식점업,0
278,202004,대전,차량용 가스 충전업,0
279,202004,대전,차량용 주유소 운영업,0
280,202004,대전,체인화 편의점,0
281,202004,대전,택시 운송업,0
282,202004,대전,피자 햄버거 샌드위치 및 유사 음식점업,0
283,202004,대전,한식 음식점업,0
284,202004,대전,호텔업,0
285,202004,대전,화장품 및 방향제 소매업,0
286,202004,대전,휴양콘도 운영업,0
287,202004,부산,건강보조식품 소매업,0
288,202004,부산,골프장 운영업,0
289,202004,부산,과실 및 채소 소매업,0
290,202004,부산,관광 민예품 및 선물용품 소매업,0
291,202004,부산,그외 기타 분류안된 오락관련 서비스업,0
292,202004,부산,그외 기타 스포츠시설 운영업,0
293,202004,부산,그외 기타 종합 소매업,0
294,202004,부산,기타 대형 종합 소매업,0
295,202004,부산,기타 수상오락 서비스업,0
296,202004,부산,기타 외국식 음식점업,0
297,202004,부산,기타 주점업,0
298,202004,부산,기타음식료품위주종합소매업,0
299,202004,부산,내항 여객 운송업,0
300,202004,부산,마사지업,0
301,202004,부산,면세점,0
302,202004,부산,버스 운송업,0
303,202004,부산,비알콜 음료점업,0
304,202004,부산,빵 및 과자류 소매업,0
305,202004,부산,서양식 음식점업,0
306,202004,부산,수산물 소매업,0
307,202004,부산,슈퍼마켓,0
308,202004,부산,스포츠 및 레크레이션 용품 임대업,0
309,202004,부산,여관업,0
310,202004,부산,여행사업,0
311,202004,부산,욕탕업,0
312,202004,부산,육류 소매업,0
313,202004,부산,일반유흥 주점업,0
314,202004,부산,일식 음식점업,0
315,202004,부산,자동차 임대업,0
316,202004,부산,전시 및 행사 대행업,0
317,202004,부산,정기 항공 운송업,0
318,202004,부산,중식 음식점업,0
319,202004,부산,차량용 가스 충전업,0
320,202004,부산,차량용 주유소 운영업,0
321,202004,부산,체인화 편의점,0
322,202004,부산,택시 운송업,0
323,202004,부산,피자 햄버거 샌드위치 및 유사 음식점업,0
324,202004,부산,한식 음식점업,0
325,202004,부산,호텔업,0
326,202004,부산,화장품 및 방향제 소매업,0
327,202004,부산,휴양콘도 운영업,0
328,202004,서울,건강보조식품 소매업,0
329,202004,서울,골프장 운영업,0
330,202004,서울,과실 및 채소 소매업,0
331,202004,서울,관광 민예품 및 선물용품 소매업,0
332,202004,서울,그외 기타 분류안된 오락관련 서비스업,0
333,202004,서울,그외 기타 스포츠시설 운영업,0
334,202004,서울,그외 기타 종합 소매업,0
335,202004,서울,기타 대형 종합 소매업,0
336,202004,서울,기타 수상오락 서비스업,0
337,202004,서울,기타 외국식 음식점업,0
338,202004,서울,기타 주점업,0
339,202004,서울,기타음식료품위주종합소매업,0
340,202004,서울,내항 여객 운송업,0
341,202004,서울,마사지업,0
342,202004,서울,면세점,0
343,202004,서울,버스 운송업,0
344,202004,서울,비알콜 음료점업,0
345,202004,서울,빵 및 과자류 소매업,0
346,202004,서울,서양식 음식점업,0
347,202004,서울,수산물 소매업,0
348,202004,서울,슈퍼마켓,0
349,202004,서울,스포츠 및 레크레이션 용품 임대업,0
350,202004,서울,여관업,0
351,202004,서울,여행사업,0
352,202004,서울,욕탕업,0
353,202004,서울,육류 소매업,0
354,202004,서울,일반유흥 주점업,0
355,202004,서울,일식 음식점업,0
356,202004,서울,자동차 임대업,0
357,202004,서울,전시 및 행사 대행업,0
358,202004,서울,정기 항공 운송업,0
359,202004,서울,중식 음식점업,0
360,202004,서울,차량용 가스 충전업,0
361,202004,서울,차량용 주유소 운영업,0
362,202004,서울,체인화 편의점,0
363,202004,서울,택시 운송업,0
364,202004,서울,피자 햄버거 샌드위치 및 유사 음식점업,0
365,202004,서울,한식 음식점업,0
366,202004,서울,호텔업,0
367,202004,서울,화장품 및 방향제 소매업,0
368,202004,서울,휴양콘도 운영업,0
369,202004,세종,건강보조식품 소매업,0
370,202004,세종,골프장 운영업,0
371,202004,세종,과실 및 채소 소매업,0
372,202004,세종,관광 민예품 및 선물용품 소매업,0
373,202004,세종,그외 기타 분류안된 오락관련 서비스업,0
374,202004,세종,그외 기타 스포츠시설 운영업,0
375,202004,세종,그외 기타 종합 소매업,0
376,202004,세종,기타 대형 종합 소매업,0
377,202004,세종,기타 수상오락 서비스업,0
378,202004,세종,기타 외국식 음식점업,0
379,202004,세종,기타 주점업,0
380,202004,세종,기타음식료품위주종합소매업,0
381,202004,세종,내항 여객 운송업,0
382,202004,세종,마사지업,0
383,202004,세종,면세점,0
384,202004,세종,버스 운송업,0
385,202004,세종,비알콜 음료점업,0
386,202004,세종,빵 및 과자류 소매업,0
387,202004,세종,서양식 음식점업,0
388,202004,세종,수산물 소매업,0
389,202004,세종,슈퍼마켓,0
390,202004,세종,스포츠 및 레크레이션 용품 임대업,0
391,202004,세종,여관업,0
392,202004,세종,여행사업,0
393,202004,세종,욕탕업,0
394,202004,세종,육류 소매업,0
395,202004,세종,일반유흥 주점업,0
396,202004,세종,일식 음식점업,0
397,202004,세종,자동차 임대업,0
398,202004,세종,전시 및 행사 대행업,0
399,202004,세종,정기 항공 운송업,0
400,202004,세종,중식 음식점업,0
401,202004,세종,차량용 가스 충전업,0
402,202004,세종,차량용 주유소 운영업,0
403,202004,세종,체인화 편의점,0
404,202004,세종,택시 운송업,0
405,202004,세종,피자 햄버거 샌드위치 및 유사 음식점업,0
406,202004,세종,한식 음식점업,0
407,202004,세종,호텔업,0
408,202004,세종,화장품 및 방향제 소매업,0
409,202004,세종,휴양콘도 운영업,0
410,202004,울산,건강보조식품 소매업,0
411,202004,울산,골프장 운영업,0
412,202004,울산,과실 및 채소 소매업,0
413,202004,울산,관광 민예품 및 선물용품 소매업,0
414,202004,울산,그외 기타 분류안된 오락관련 서비스업,0
415,202004,울산,그외 기타 스포츠시설 운영업,0
416,202004,울산,그외 기타 종합 소매업,0
417,202004,울산,기타 대형 종합 소매업,0
418,202004,울산,기타 수상오락 서비스업,0
419,202004,울산,기타 외국식 음식점업,0
420,202004,울산,기타 주점업,0
421,202004,울산,기타음식료품위주종합소매업,0
422,202004,울산,내항 여객 운송업,0
423,202004,울산,마사지업,0
424,202004,울산,면세점,0
425,202004,울산,버스 운송업,0
426,202004,울산,비알콜 음료점업,0
427,202004,울산,빵 및 과자류 소매업,0
428,202004,울산,서양식 음식점업,0
429,202004,울산,수산물 소매업,0
430,202004,울산,슈퍼마켓,0
431,202004,울산,스포츠 및 레크레이션 용품 임대업,0
432,202004,울산,여관업,0
433,202004,울산,여행사업,0
434,202004,울산,욕탕업,0
435,202004,울산,육류 소매업,0
436,202004,울산,일반유흥 주점업,0
437,202004,울산,일식 음식점업,0
438,202004,울산,자동차 임대업,0
439,202004,울산,전시 및 행사 대행업,0
440,202004,울산,정기 항공 운송업,0
441,202004,울산,중식 음식점업,0
442,202004,울산,차량용 가스 충전업,0
443,202004,울산,차량용 주유소 운영업,0
444,202004,울산,체인화 편의점,0
445,202004,울산,택시 운송업,0
446,202004,울산,피자 햄버거 샌드위치 및 유사 음식점업,0
447,202004,울산,한식 음식점업,0
448,202004,울산,호텔업,0
449,202004,울산,화장품 및 방향제 소매업,0
450,202004,울산,휴양콘도 운영업,0
451,202004,인천,건강보조식품 소매업,0
452,202004,인천,골프장 운영업,0
453,202004,인천,과실 및 채소 소매업,0
454,202004,인천,관광 민예품 및 선물용품 소매업,0
455,202004,인천,그외 기타 분류안된 오락관련 서비스업,0
456,202004,인천,그외 기타 스포츠시설 운영업,0
457,202004,인천,그외 기타 종합 소매업,0
458,202004,인천,기타 대형 종합 소매업,0
459,202004,인천,기타 수상오락 서비스업,0
460,202004,인천,기타 외국식 음식점업,0
461,202004,인천,기타 주점업,0
462,202004,인천,기타음식료품위주종합소매업,0
463,202004,인천,내항 여객 운송업,0
464,202004,인천,마사지업,0
465,202004,인천,면세점,0
466,202004,인천,버스 운송업,0
467,202004,인천,비알콜 음료점업,0
468,202004,인천,빵 및 과자류 소매업,0
469,202004,인천,서양식 음식점업,0
470,202004,인천,수산물 소매업,0
471,202004,인천,슈퍼마켓,0
472,202004,인천,스포츠 및 레크레이션 용품 임대업,0
473,202004,인천,여관업,0
474,202004,인천,여행사업,0
475,202004,인천,욕탕업,0
476,202004,인천,육류 소매업,0
477,202004,인천,일반유흥 주점업,0
478,202004,인천,일식 음식점업,0
479,202004,인천,자동차 임대업,0
480,202004,인천,전시 및 행사 대행업,0
481,202004,인천,정기 항공 운송업,0
482,202004,인천,중식 음식점업,0
483,202004,인천,차량용 가스 충전업,0
484,202004,인천,차량용 주유소 운영업,0
485,202004,인천,체인화 편의점,0
486,202004,인천,택시 운송업,0
487,202004,인천,피자 햄버거 샌드위치 및 유사 음식점업,0
488,202004,인천,한식 음식점업,0
489,202004,인천,호텔업,0
490,202004,인천,화장품 및 방향제 소매업,0
491,202004,인천,휴양콘도 운영업,0
492,202004,전남,건강보조식품 소매업,0
493,202004,전남,골프장 운영업,0
494,202004,전남,과실 및 채소 소매업,0
495,202004,전남,관광 민예품 및 선물용품 소매업,0
496,202004,전남,그외 기타 분류안된 오락관련 서비스업,0
497,202004,전남,그외 기타 스포츠시설 운영업,0
498,202004,전남,그외 기타 종합 소매업,0
499,202004,전남,기타 대형 종합 소매업,0
500,202004,전남,기타 수상오락 서비스업,0
501,202004,전남,기타 외국식 음식점업,0
502,202004,전남,기타 주점업,0
503,202004,전남,기타음식료품위주종합소매업,0
504,202004,전남,내항 여객 운송업,0
505,202004,전남,마사지업,0
506,202004,전남,면세점,0
507,202004,전남,버스 운송업,0
508,202004,전남,비알콜 음료점업,0
509,202004,전남,빵 및 과자류 소매업,0
510,202004,전남,서양식 음식점업,0
511,202004,전남,수산물 소매업,0
512,202004,전남,슈퍼마켓,0
513,202004,전남,스포츠 및 레크레이션 용품 임대업,0
514,202004,전남,여관업,0
515,202004,전남,여행사업,0
516,202004,전남,욕탕업,0
517,202004,전남,육류 소매업,0
518,202004,전남,일반유흥 주점업,0
519,202004,전남,일식 음식점업,0
520,202004,전남,자동차 임대업,0
521,202004,전남,전시 및 행사 대행업,0
522,202004,전남,정기 항공 운송업,0
523,202004,전남,중식 음식점업,0
524,202004,전남,차량용 가스 충전업,0
525,202004,전남,차량용 주유소 운영업,0
526,202004,전남,체인화 편의점,0
527,202004,전남,택시 운송업,0
528,202004,전남,피자 햄버거 샌드위치 및 유사 음식점업,0
529,202004,전남,한식 음식점업,0
530,202004,전남,호텔업,0
531,202004,전남,화장품 및 방향제 소매업,0
532,202004,전남,휴양콘도 운영업,0
533,202004,전북,건강보조식품 소매업,0
534,202004,전북,골프장 운영업,0
535,202004,전북,과실 및 채소 소매업,0
536,202004,전북,관광 민예품 및 선물용품 소매업,0
537,202004,전북,그외 기타 분류안된 오락관련 서비스업,0
538,202004,전북,그외 기타 스포츠시설 운영업,0
539,202004,전북,그외 기타 종합 소매업,0
540,202004,전북,기타 대형 종합 소매업,0
541,202004,전북,기타 수상오락 서비스업,0
542,202004,전북,기타 외국식 음식점업,0
543,202004,전북,기타 주점업,0
544,202004,전북,기타음식료품위주종합소매업,0
545,202004,전북,내항 여객 운송업,0
546,202004,전북,마사지업,0
547,202004,전북,면세점,0
548,202004,전북,버스 운송업,0
549,202004,전북,비알콜 음료점업,0
550,202004,전북,빵 및 과자류 소매업,0
551,202004,전북,서양식 음식점업,0
552,202004,전북,수산물 소매업,0
553,202004,전북,슈퍼마켓,0
554,202004,전북,스포츠 및 레크레이션 용품 임대업,0
555,202004,전북,여관업,0
556,202004,전북,여행사업,0
557,202004,전북,욕탕업,0
558,202004,전북,육류 소매업,0
559,202004,전북,일반유흥 주점업,0
560,202004,전북,일식 음식점업,0
561,202004,전북,자동차 임대업,0
562,202004,전북,전시 및 행사 대행업,0
563,202004,전북,정기 항공 운송업,0
564,202004,전북,중식 음식점업,0
565,202004,전북,차량용 가스 충전업,0
566,202004,전북,차량용 주유소 운영업,0
567,202004,전북,체인화 편의점,0
568,202004,전북,택시 운송업,0
569,202004,전북,피자 햄버거 샌드위치 및 유사 음식점업,0
570,202004,전북,한식 음식점업,0
571,202004,전북,호텔업,0
572,202004,전북,화장품 및 방향제 소매업,0
573,202004,전북,휴양콘도 운영업,0
574,202004,제주,건강보조식품 소매업,0
575,202004,제주,골프장 운영업,0
576,202004,제주,과실 및 채소 소매업,0
577,202004,제주,관광 민예품 및 선물용품 소매업,0
578,202004,제주,그외 기타 분류안된 오락관련 서비스업,0
579,202004,제주,그외 기타 스포츠시설 운영업,0
580,202004,제주,그외 기타 종합 소매업,0
581,202004,제주,기타 대형 종합 소매업,0
582,202004,제주,기타 수상오락 서비스업,0
583,202004,제주,기타 외국식 음식점업,0
584,202004,제주,기타 주점업,0
585,202004,제주,기타음식료품위주종합소매업,0
586,202004,제주,내항 여객 운송업,0
587,202004,제주,마사지업,0
588,202004,제주,면세점,0
589,202004,제주,버스 운송업,0
590,202004,제주,비알콜 음료점업,0
591,202004,제주,빵 및 과자류 소매업,0
592,202004,제주,서양식 음식점업,0
593,202004,제주,수산물 소매업,0
594,202004,제주,슈퍼마켓,0
595,202004,제주,스포츠 및 레크레이션 용품 임대업,0
596,202004,제주,여관업,0
597,202004,제주,여행사업,0
598,202004,제주,욕탕업,0
599,202004,제주,육류 소매업,0
600,202004,제주,일반유흥 주점업,0
601,202004,제주,일식 음식점업,0
602,202004,제주,자동차 임대업,0
603,202004,제주,전시 및 행사 대행업,0
604,202004,제주,정기 항공 운송업,0
605,202004,제주,중식 음식점업,0
606,202004,제주,차량용 가스 충전업,0
607,202004,제주,차량용 주유소 운영업,0
608,202004,제주,체인화 편의점,0
609,202004,제주,택시 운송업,0
610,202004,제주,피자 햄버거 샌드위치 및 유사 음식점업,0
611,202004,제주,한식 음식점업,0
612,202004,제주,호텔업,0
613,202004,제주,화장품 및 방향제 소매업,0
614,202004,제주,휴양콘도 운영업,0
615,202004,충남,건강보조식품 소매업,0
616,202004,충남,골프장 운영업,0
617,202004,충남,과실 및 채소 소매업,0
618,202004,충남,관광 민예품 및 선물용품 소매업,0
619,202004,충남,그외 기타 분류안된 오락관련 서비스업,0
620,202004,충남,그외 기타 스포츠시설 운영업,0
621,202004,충남,그외 기타 종합 소매업,0
622,202004,충남,기타 대형 종합 소매업,0
623,202004,충남,기타 수상오락 서비스업,0
624,202004,충남,기타 외국식 음식점업,0
625,202004,충남,기타 주점업,0
626,202004,충남,기타음식료품위주종합소매업,0
627,202004,충남,내항 여객 운송업,0
628,202004,충남,마사지업,0
629,202004,충남,면세점,0
630,202004,충남,버스 운송업,0
631,202004,충남,비알콜 음료점업,0
632,202004,충남,빵 및 과자류 소매업,0
633,202004,충남,서양식 음식점업,0
634,202004,충남,수산물 소매업,0
635,202004,충남,슈퍼마켓,0
636,202004,충남,스포츠 및 레크레이션 용품 임대업,0
637,202004,충남,여관업,0
638,202004,충남,여행사업,0
639,202004,충남,욕탕업,0
640,202004,충남,육류 소매업,0
641,202004,충남,일반유흥 주점업,0
642,202004,충남,일식 음식점업,0
643,202004,충남,자동차 임대업,0
644,202004,충남,전시 및 행사 대행업,0
645,202004,충남,정기 항공 운송업,0
646,202004,충남,중식 음식점업,0
647,202004,충남,차량용 가스 충전업,0
648,202004,충남,차량용 주유소 운영업,0
649,202004,충남,체인화 편의점,0
650,202004,충남,택시 운송업,0
651,202004,충남,피자 햄버거 샌드위치 및 유사 음식점업,0
652,202004,충남,한식 음식점업,0
653,202004,충남,호텔업,0
654,202004,충남,화장품 및 방향제 소매업,0
655,202004,충남,휴양콘도 운영업,0
656,202004,충북,건강보조식품 소매업,0
657,202004,충북,골프장 운영업,0
658,202004,충북,과실 및 채소 소매업,0
659,202004,충북,관광 민예품 및 선물용품 소매업,0
660,202004,충북,그외 기타 분류안된 오락관련 서비스업,0
661,202004,충북,그외 기타 스포츠시설 운영업,0
662,202004,충북,그외 기타 종합 소매업,0
663,202004,충북,기타 대형 종합 소매업,0
664,202004,충북,기타 수상오락 서비스업,0
665,202004,충북,기타 외국식 음식점업,0
666,202004,충북,기타 주점업,0
667,202004,충북,기타음식료품위주종합소매업,0
668,202004,충북,내항 여객 운송업,0
669,202004,충북,마사지업,0
670,202004,충북,면세점,0
671,202004,충북,버스 운송업,0
672,202004,충북,비알콜 음료점업,0
673,202004,충북,빵 및 과자류 소매업,0
674,202004,충북,서양식 음식점업,0
675,202004,충북,수산물 소매업,0
676,202004,충북,슈퍼마켓,0
677,202004,충북,스포츠 및 레크레이션 용품 임대업,0
678,202004,충북,여관업,0
679,202004,충북,여행사업,0
680,202004,충북,욕탕업,0
681,202004,충북,육류 소매업,0
682,202004,충북,일반유흥 주점업,0
683,202004,충북,일식 음식점업,0
684,202004,충북,자동차 임대업,0
685,202004,충북,전시 및 행사 대행업,0
686,202004,충북,정기 항공 운송업,0
687,202004,충북,중식 음식점업,0
688,202004,충북,차량용 가스 충전업,0
689,202004,충북,차량용 주유소 운영업,0
690,202004,충북,체인화 편의점,0
691,202004,충북,택시 운송업,0
692,202004,충북,피자 햄버거 샌드위치 및 유사 음식점업,0
693,202004,충북,한식 음식점업,0
694,202004,충북,호텔업,0
695,202004,충북,화장품 및 방향제 소매업,0
696,202004,충북,휴양콘도 운영업,0
697,202007,강원,건강보조식품 소매업,0
698,202007,강원,골프장 운영업,0
699,202007,강원,과실 및 채소 소매업,0
700,202007,강원,관광 민예품 및 선물용품 소매업,0
701,202007,강원,그외 기타 분류안된 오락관련 서비스업,0
702,202007,강원,그외 기타 스포츠시설 운영업,0
703,202007,강원,그외 기타 종합 소매업,0
704,202007,강원,기타 대형 종합 소매업,0
705,202007,강원,기타 수상오락 서비스업,0
706,202007,강원,기타 외국식 음식점업,0
707,202007,강원,기타 주점업,0
708,202007,강원,기타음식료품위주종합소매업,0
709,202007,강원,내항 여객 운송업,0
710,202007,강원,마사지업,0
711,202007,강원,면세점,0
712,202007,강원,버스 운송업,0
713,202007,강원,비알콜 음료점업,0
714,202007,강원,빵 및 과자류 소매업,0
715,202007,강원,서양식 음식점업,0
716,202007,강원,수산물 소매업,0
717,202007,강원,슈퍼마켓,0
718,202007,강원,스포츠 및 레크레이션 용품 임대업,0
719,202007,강원,여관업,0
720,202007,강원,여행사업,0
721,202007,강원,욕탕업,0
722,202007,강원,육류 소매업,0
723,202007,강원,일반유흥 주점업,0
724,202007,강원,일식 음식점업,0
725,202007,강원,자동차 임대업,0
726,202007,강원,전시 및 행사 대행업,0
727,202007,강원,정기 항공 운송업,0
728,202007,강원,중식 음식점업,0
729,202007,강원,차량용 가스 충전업,0
730,202007,강원,차량용 주유소 운영업,0
731,202007,강원,체인화 편의점,0
732,202007,강원,택시 운송업,0
733,202007,강원,피자 햄버거 샌드위치 및 유사 음식점업,0
734,202007,강원,한식 음식점업,0
735,202007,강원,호텔업,0
736,202007,강원,화장품 및 방향제 소매업,0
737,202007,강원,휴양콘도 운영업,0
738,202007,경기,건강보조식품 소매업,0
739,202007,경기,골프장 운영업,0
740,202007,경기,과실 및 채소 소매업,0
741,202007,경기,관광 민예품 및 선물용품 소매업,0
742,202007,경기,그외 기타 분류안된 오락관련 서비스업,0
743,202007,경기,그외 기타 스포츠시설 운영업,0
744,202007,경기,그외 기타 종합 소매업,0
745,202007,경기,기타 대형 종합 소매업,0
746,202007,경기,기타 수상오락 서비스업,0
747,202007,경기,기타 외국식 음식점업,0
748,202007,경기,기타 주점업,0
749,202007,경기,기타음식료품위주종합소매업,0
750,202007,경기,내항 여객 운송업,0
751,202007,경기,마사지업,0
752,202007,경기,면세점,0
753,202007,경기,버스 운송업,0
754,202007,경기,비알콜 음료점업,0
755,202007,경기,빵 및 과자류 소매업,0
756,202007,경기,서양식 음식점업,0
757,202007,경기,수산물 소매업,0
758,202007,경기,슈퍼마켓,0
759,202007,경기,스포츠 및 레크레이션 용품 임대업,0
760,202007,경기,여관업,0
761,202007,경기,여행사업,0
762,202007,경기,욕탕업,0
763,202007,경기,육류 소매업,0
764,202007,경기,일반유흥 주점업,0
765,202007,경기,일식 음식점업,0
766,202007,경기,자동차 임대업,0
767,202007,경기,전시 및 행사 대행업,0
768,202007,경기,정기 항공 운송업,0
769,202007,경기,중식 음식점업,0
770,202007,경기,차량용 가스 충전업,0
771,202007,경기,차량용 주유소 운영업,0
772,202007,경기,체인화 편의점,0
773,202007,경기,택시 운송업,0
774,202007,경기,피자 햄버거 샌드위치 및 유사 음식점업,0
775,202007,경기,한식 음식점업,0
776,202007,경기,호텔업,0
777,202007,경기,화장품 및 방향제 소매업,0
778,202007,경기,휴양콘도 운영업,0
779,202007,경남,건강보조식품 소매업,0
780,202007,경남,골프장 운영업,0
781,202007,경남,과실 및 채소 소매업,0
782,202007,경남,관광 민예품 및 선물용품 소매업,0
783,202007,경남,그외 기타 분류안된 오락관련 서비스업,0
784,202007,경남,그외 기타 스포츠시설 운영업,0
785,202007,경남,그외 기타 종합 소매업,0
786,202007,경남,기타 대형 종합 소매업,0
787,202007,경남,기타 수상오락 서비스업,0
788,202007,경남,기타 외국식 음식점업,0
789,202007,경남,기타 주점업,0
790,202007,경남,기타음식료품위주종합소매업,0
791,202007,경남,내항 여객 운송업,0
792,202007,경남,마사지업,0
793,202007,경남,면세점,0
794,202007,경남,버스 운송업,0
795,202007,경남,비알콜 음료점업,0
796,202007,경남,빵 및 과자류 소매업,0
797,202007,경남,서양식 음식점업,0
798,202007,경남,수산물 소매업,0
799,202007,경남,슈퍼마켓,0
800,202007,경남,스포츠 및 레크레이션 용품 임대업,0
801,202007,경남,여관업,0
802,202007,경남,여행사업,0
803,202007,경남,욕탕업,0
804,202007,경남,육류 소매업,0
805,202007,경남,일반유흥 주점업,0
806,202007,경남,일식 음식점업,0
807,202007,경남,자동차 임대업,0
808,202007,경남,전시 및 행사 대행업,0
809,202007,경남,정기 항공 운송업,0
810,202007,경남,중식 음식점업,0
811,202007,경남,차량용 가스 충전업,0
812,202007,경남,차량용 주유소 운영업,0
813,202007,경남,체인화 편의점,0
814,202007,경남,택시 운송업,0
815,202007,경남,피자 햄버거 샌드위치 및 유사 음식점업,0
816,202007,경남,한식 음식점업,0
817,202007,경남,호텔업,0
818,202007,경남,화장품 및 방향제 소매업,0
819,202007,경남,휴양콘도 운영업,0
820,202007,경북,건강보조식품 소매업,0
821,202007,경북,골프장 운영업,0
822,202007,경북,과실 및 채소 소매업,0
823,202007,경북,관광 민예품 및 선물용품 소매업,0
824,202007,경북,그외 기타 분류안된 오락관련 서비스업,0
825,202007,경북,그외 기타 스포츠시설 운영업,0
826,202007,경북,그외 기타 종합 소매업,0
827,202007,경북,기타 대형 종합 소매업,0
828,202007,경북,기타 수상오락 서비스업,0
829,202007,경북,기타 외국식 음식점업,0
830,202007,경북,기타 주점업,0
831,202007,경북,기타음식료품위주종합소매업,0
832,202007,경북,내항 여객 운송업,0
833,202007,경북,마사지업,0
834,202007,경북,면세점,0
835,202007,경북,버스 운송업,0
836,202007,경북,비알콜 음료점업,0
837,202007,경북,빵 및 과자류 소매업,0
838,202007,경북,서양식 음식점업,0
839,202007,경북,수산물 소매업,0
840,202007,경북,슈퍼마켓,0
841,202007,경북,스포츠 및 레크레이션 용품 임대업,0
842,202007,경북,여관업,0
843,202007,경북,여행사업,0
844,202007,경북,욕탕업,0
845,202007,경북,육류 소매업,0
846,202007,경북,일반유흥 주점업,0
847,202007,경북,일식 음식점업,0
848,202007,경북,자동차 임대업,0
849,202007,경북,전시 및 행사 대행업,0
850,202007,경북,정기 항공 운송업,0
851,202007,경북,중식 음식점업,0
852,202007,경북,차량용 가스 충전업,0
853,202007,경북,차량용 주유소 운영업,0
854,202007,경북,체인화 편의점,0
855,202007,경북,택시 운송업,0
856,202007,경북,피자 햄버거 샌드위치 및 유사 음식점업,0
857,202007,경북,한식 음식점업,0
858,202007,경북,호텔업,0
859,202007,경북,화장품 및 방향제 소매업,0
860,202007,경북,휴양콘도 운영업,0
861,202007,광주,건강보조식품 소매업,0
862,202007,광주,골프장 운영업,0
863,202007,광주,과실 및 채소 소매업,0
864,202007,광주,관광 민예품 및 선물용품 소매업,0
865,202007,광주,그외 기타 분류안된 오락관련 서비스업,0
866,202007,광주,그외 기타 스포츠시설 운영업,0
867,202007,광주,그외 기타 종합 소매업,0
868,202007,광주,기타 대형 종합 소매업,0
869,202007,광주,기타 수상오락 서비스업,0
870,202007,광주,기타 외국식 음식점업,0
871,202007,광주,기타 주점업,0
872,202007,광주,기타음식료품위주종합소매업,0
873,202007,광주,내항 여객 운송업,0
874,202007,광주,마사지업,0
875,202007,광주,면세점,0
876,202007,광주,버스 운송업,0
877,202007,광주,비알콜 음료점업,0
878,202007,광주,빵 및 과자류 소매업,0
879,202007,광주,서양식 음식점업,0
880,202007,광주,수산물 소매업,0
881,202007,광주,슈퍼마켓,0
882,202007,광주,스포츠 및 레크레이션 용품 임대업,0
883,202007,광주,여관업,0
884,202007,광주,여행사업,0
885,202007,광주,욕탕업,0
886,202007,광주,육류 소매업,0
887,202007,광주,일반유흥 주점업,0
888,202007,광주,일식 음식점업,0
889,202007,광주,자동차 임대업,0
890,202007,광주,전시 및 행사 대행업,0
891,202007,광주,정기 항공 운송업,0
892,202007,광주,중식 음식점업,0
893,202007,광주,차량용 가스 충전업,0
894,202007,광주,차량용 주유소 운영업,0
895,202007,광주,체인화 편의점,0
896,202007,광주,택시 운송업,0
897,202007,광주,피자 햄버거 샌드위치 및 유사 음식점업,0
898,202007,광주,한식 음식점업,0
899,202007,광주,호텔업,0
900,202007,광주,화장품 및 방향제 소매업,0
901,202007,광주,휴양콘도 운영업,0
902,202007,대구,건강보조식품 소매업,0
903,202007,대구,골프장 운영업,0
904,202007,대구,과실 및 채소 소매업,0
905,202007,대구,관광 민예품 및 선물용품 소매업,0
906,202007,대구,그외 기타 분류안된 오락관련 서비스업,0
907,202007,대구,그외 기타 스포츠시설 운영업,0
908,202007,대구,그외 기타 종합 소매업,0
909,202007,대구,기타 대형 종합 소매업,0
910,202007,대구,기타 수상오락 서비스업,0
911,202007,대구,기타 외국식 음식점업,0
912,202007,대구,기타 주점업,0
913,202007,대구,기타음식료품위주종합소매업,0
914,202007,대구,내항 여객 운송업,0
915,202007,대구,마사지업,0
916,202007,대구,면세점,0
917,202007,대구,버스 운송업,0
918,202007,대구,비알콜 음료점업,0
919,202007,대구,빵 및 과자류 소매업,0
920,202007,대구,서양식 음식점업,0
921,202007,대구,수산물 소매업,0
922,202007,대구,슈퍼마켓,0
923,202007,대구,스포츠 및 레크레이션 용품 임대업,0
924,202007,대구,여관업,0
925,202007,대구,여행사업,0
926,202007,대구,욕탕업,0
927,202007,대구,육류 소매업,0
928,202007,대구,일반유흥 주점업,0
929,202007,대구,일식 음식점업,0
930,202007,대구,자동차 임대업,0
931,202007,대구,전시 및 행사 대행업,0
932,202007,대구,정기 항공 운송업,0
933,202007,대구,중식 음식점업,0
934,202007,대구,차량용 가스 충전업,0
935,202007,대구,차량용 주유소 운영업,0
936,202007,대구,체인화 편의점,0
937,202007,대구,택시 운송업,0
938,202007,대구,피자 햄버거 샌드위치 및 유사 음식점업,0
939,202007,대구,한식 음식점업,0
940,202007,대구,호텔업,0
941,202007,대구,화장품 및 방향제 소매업,0
942,202007,대구,휴양콘도 운영업,0
943,202007,대전,건강보조식품 소매업,0
944,202007,대전,골프장 운영업,0
945,202007,대전,과실 및 채소 소매업,0
946,202007,대전,관광 민예품 및 선물용품 소매업,0
947,202007,대전,그외 기타 분류안된 오락관련 서비스업,0
948,202007,대전,그외 기타 스포츠시설 운영업,0
949,202007,대전,그외 기타 종합 소매업,0
950,202007,대전,기타 대형 종합 소매업,0
951,202007,대전,기타 수상오락 서비스업,0
952,202007,대전,기타 외국식 음식점업,0
953,202007,대전,기타 주점업,0
954,202007,대전,기타음식료품위주종합소매업,0
955,202007,대전,내항 여객 운송업,0
956,202007,대전,마사지업,0
957,202007,대전,면세점,0
958,202007,대전,버스 운송업,0
959,202007,대전,비알콜 음료점업,0
960,202007,대전,빵 및 과자류 소매업,0
961,202007,대전,서양식 음식점업,0
962,202007,대전,수산물 소매업,0
963,202007,대전,슈퍼마켓,0
964,202007,대전,스포츠 및 레크레이션 용품 임대업,0
965,202007,대전,여관업,0
966,202007,대전,여행사업,0
967,202007,대전,욕탕업,0
968,202007,대전,육류 소매업,0
969,202007,대전,일반유흥 주점업,0
970,202007,대전,일식 음식점업,0
971,202007,대전,자동차 임대업,0
972,202007,대전,전시 및 행사 대행업,0
973,202007,대전,정기 항공 운송업,0
974,202007,대전,중식 음식점업,0
975,202007,대전,차량용 가스 충전업,0
976,202007,대전,차량용 주유소 운영업,0
977,202007,대전,체인화 편의점,0
978,202007,대전,택시 운송업,0
979,202007,대전,피자 햄버거 샌드위치 및 유사 음식점업,0
980,202007,대전,한식 음식점업,0
981,202007,대전,호텔업,0
982,202007,대전,화장품 및 방향제 소매업,0
983,202007,대전,휴양콘도 운영업,0
984,202007,부산,건강보조식품 소매업,0
985,202007,부산,골프장 운영업,0
986,202007,부산,과실 및 채소 소매업,0
987,202007,부산,관광 민예품 및 선물용품 소매업,0
988,202007,부산,그외 기타 분류안된 오락관련 서비스업,0
989,202007,부산,그외 기타 스포츠시설 운영업,0
990,202007,부산,그외 기타 종합 소매업,0
991,202007,부산,기타 대형 종합 소매업,0
992,202007,부산,기타 수상오락 서비스업,0
993,202007,부산,기타 외국식 음식점업,0
994,202007,부산,기타 주점업,0
995,202007,부산,기타음식료품위주종합소매업,0
996,202007,부산,내항 여객 운송업,0
997,202007,부산,마사지업,0
998,202007,부산,면세점,0
999,202007,부산,버스 운송업,0
1000,202007,부산,비알콜 음료점업,0
1001,202007,부산,빵 및 과자류 소매업,0
1002,202007,부산,서양식 음식점업,0
1003,202007,부산,수산물 소매업,0
1004,202007,부산,슈퍼마켓,0
1005,202007,부산,스포츠 및 레크레이션 용품 임대업,0
1006,202007,부산,여관업,0
1007,202007,부산,여행사업,0
1008,202007,부산,욕탕업,0
1009,202007,부산,육류 소매업,0
1010,202007,부산,일반유흥 주점업,0
1011,202007,부산,일식 음식점업,0
1012,202007,부산,자동차 임대업,0
1013,202007,부산,전시 및 행사 대행업,0
1014,202007,부산,정기 항공 운송업,0
1015,202007,부산,중식 음식점업,0
1016,202007,부산,차량용 가스 충전업,0
1017,202007,부산,차량용 주유소 운영업,0
1018,202007,부산,체인화 편의점,0
1019,202007,부산,택시 운송업,0
1020,202007,부산,피자 햄버거 샌드위치 및 유사 음식점업,0
1021,202007,부산,한식 음식점업,0
1022,202007,부산,호텔업,0
1023,202007,부산,화장품 및 방향제 소매업,0
1024,202007,부산,휴양콘도 운영업,0
1025,202007,서울,건강보조식품 소매업,0
1026,202007,서울,골프장 운영업,0
1027,202007,서울,과실 및 채소 소매업,0
1028,202007,서울,관광 민예품 및 선물용품 소매업,0
1029,202007,서울,그외 기타 분류안된 오락관련 서비스업,0
1030,202007,서울,그외 기타 스포츠시설 운영업,0
1031,202007,서울,그외 기타 종합 소매업,0
1032,202007,서울,기타 대형 종합 소매업,0
1033,202007,서울,기타 수상오락 서비스업,0
1034,202007,서울,기타 외국식 음식점업,0
1035,202007,서울,기타 주점업,0
1036,202007,서울,기타음식료품위주종합소매업,0
1037,202007,서울,내항 여객 운송업,0
1038,202007,서울,마사지업,0
1039,202007,서울,면세점,0
1040,202007,서울,버스 운송업,0
1041,202007,서울,비알콜 음료점업,0
1042,202007,서울,빵 및 과자류 소매업,0
1043,202007,서울,서양식 음식점업,0
1044,202007,서울,수산물 소매업,0
1045,202007,서울,슈퍼마켓,0
1046,202007,서울,스포츠 및 레크레이션 용품 임대업,0
1047,202007,서울,여관업,0
1048,202007,서울,여행사업,0
1049,202007,서울,욕탕업,0
1050,202007,서울,육류 소매업,0
1051,202007,서울,일반유흥 주점업,0
1052,202007,서울,일식 음식점업,0
1053,202007,서울,자동차 임대업,0
1054,202007,서울,전시 및 행사 대행업,0
1055,202007,서울,정기 항공 운송업,0
1056,202007,서울,중식 음식점업,0
1057,202007,서울,차량용 가스 충전업,0
1058,202007,서울,차량용 주유소 운영업,0
1059,202007,서울,체인화 편의점,0
1060,202007,서울,택시 운송업,0
1061,202007,서울,피자 햄버거 샌드위치 및 유사 음식점업,0
1062,202007,서울,한식 음식점업,0
1063,202007,서울,호텔업,0
1064,202007,서울,화장품 및 방향제 소매업,0
1065,202007,서울,휴양콘도 운영업,0
1066,202007,세종,건강보조식품 소매업,0
1067,202007,세종,골프장 운영업,0
1068,202007,세종,과실 및 채소 소매업,0
1069,202007,세종,관광 민예품 및 선물용품 소매업,0
1070,202007,세종,그외 기타 분류안된 오락관련 서비스업,0
1071,202007,세종,그외 기타 스포츠시설 운영업,0
1072,202007,세종,그외 기타 종합 소매업,0
1073,202007,세종,기타 대형 종합 소매업,0
1074,202007,세종,기타 수상오락 서비스업,0
1075,202007,세종,기타 외국식 음식점업,0
1076,202007,세종,기타 주점업,0
1077,202007,세종,기타음식료품위주종합소매업,0
1078,202007,세종,내항 여객 운송업,0
1079,202007,세종,마사지업,0
1080,202007,세종,면세점,0
1081,202007,세종,버스 운송업,0
1082,202007,세종,비알콜 음료점업,0
1083,202007,세종,빵 및 과자류 소매업,0
1084,202007,세종,서양식 음식점업,0
1085,202007,세종,수산물 소매업,0
1086,202007,세종,슈퍼마켓,0
1087,202007,세종,스포츠 및 레크레이션 용품 임대업,0
1088,202007,세종,여관업,0
1089,202007,세종,여행사업,0
1090,202007,세종,욕탕업,0
1091,202007,세종,육류 소매업,0
1092,202007,세종,일반유흥 주점업,0
1093,202007,세종,일식 음식점업,0
1094,202007,세종,자동차 임대업,0
1095,202007,세종,전시 및 행사 대행업,0
1096,202007,세종,정기 항공 운송업,0
1097,202007,세종,중식 음식점업,0
1098,202007,세종,차량용 가스 충전업,0
1099,202007,세종,차량용 주유소 운영업,0
1100,202007,세종,체인화 편의점,0
1101,202007,세종,택시 운송업,0
1102,202007,세종,피자 햄버거 샌드위치 및 유사 음식점업,0
1103,202007,세종,한식 음식점업,0
1104,202007,세종,호텔업,0
1105,202007,세종,화장품 및 방향제 소매업,0
1106,202007,세종,휴양콘도 운영업,0
1107,202007,울산,건강보조식품 소매업,0
1108,202007,울산,골프장 운영업,0
1109,202007,울산,과실 및 채소 소매업,0
1110,202007,울산,관광 민예품 및 선물용품 소매업,0
1111,202007,울산,그외 기타 분류안된 오락관련 서비스업,0
1112,202007,울산,그외 기타 스포츠시설 운영업,0
1113,202007,울산,그외 기타 종합 소매업,0
1114,202007,울산,기타 대형 종합 소매업,0
1115,202007,울산,기타 수상오락 서비스업,0
1116,202007,울산,기타 외국식 음식점업,0
1117,202007,울산,기타 주점업,0
1118,202007,울산,기타음식료품위주종합소매업,0
1119,202007,울산,내항 여객 운송업,0
1120,202007,울산,마사지업,0
1121,202007,울산,면세점,0
1122,202007,울산,버스 운송업,0
1123,202007,울산,비알콜 음료점업,0
1124,202007,울산,빵 및 과자류 소매업,0
1125,202007,울산,서양식 음식점업,0
1126,202007,울산,수산물 소매업,0
1127,202007,울산,슈퍼마켓,0
1128,202007,울산,스포츠 및 레크레이션 용품 임대업,0
1129,202007,울산,여관업,0
1130,202007,울산,여행사업,0
1131,202007,울산,욕탕업,0
1132,202007,울산,육류 소매업,0
1133,202007,울산,일반유흥 주점업,0
1134,202007,울산,일식 음식점업,0
1135,202007,울산,자동차 임대업,0
1136,202007,울산,전시 및 행사 대행업,0
1137,202007,울산,정기 항공 운송업,0
1138,202007,울산,중식 음식점업,0
1139,202007,울산,차량용 가스 충전업,0
1140,202007,울산,차량용 주유소 운영업,0
1141,202007,울산,체인화 편의점,0
1142,202007,울산,택시 운송업,0
1143,202007,울산,피자 햄버거 샌드위치 및 유사 음식점업,0
1144,202007,울산,한식 음식점업,0
1145,202007,울산,호텔업,0
1146,202007,울산,화장품 및 방향제 소매업,0
1147,202007,울산,휴양콘도 운영업,0
1148,202007,인천,건강보조식품 소매업,0
1149,202007,인천,골프장 운영업,0
1150,202007,인천,과실 및 채소 소매업,0
1151,202007,인천,관광 민예품 및 선물용품 소매업,0
1152,202007,인천,그외 기타 분류안된 오락관련 서비스업,0
1153,202007,인천,그외 기타 스포츠시설 운영업,0
1154,202007,인천,그외 기타 종합 소매업,0
1155,202007,인천,기타 대형 종합 소매업,0
1156,202007,인천,기타 수상오락 서비스업,0
1157,202007,인천,기타 외국식 음식점업,0
1158,202007,인천,기타 주점업,0
1159,202007,인천,기타음식료품위주종합소매업,0
1160,202007,인천,내항 여객 운송업,0
1161,202007,인천,마사지업,0
1162,202007,인천,면세점,0
1163,202007,인천,버스 운송업,0
1164,202007,인천,비알콜 음료점업,0
1165,202007,인천,빵 및 과자류 소매업,0
1166,202007,인천,서양식 음식점업,0
1167,202007,인천,수산물 소매업,0
1168,202007,인천,슈퍼마켓,0
1169,202007,인천,스포츠 및 레크레이션 용품 임대업,0
1170,202007,인천,여관업,0
1171,202007,인천,여행사업,0
1172,202007,인천,욕탕업,0
1173,202007,인천,육류 소매업,0
1174,202007,인천,일반유흥 주점업,0
1175,202007,인천,일식 음식점업,0
1176,202007,인천,자동차 임대업,0
1177,202007,인천,전시 및 행사 대행업,0
1178,202007,인천,정기 항공 운송업,0
1179,202007,인천,중식 음식점업,0
1180,202007,인천,차량용 가스 충전업,0
1181,202007,인천,차량용 주유소 운영업,0
1182,202007,인천,체인화 편의점,0
1183,202007,인천,택시 운송업,0
1184,202007,인천,피자 햄버거 샌드위치 및 유사 음식점업,0
1185,202007,인천,한식 음식점업,0
1186,202007,인천,호텔업,0
1187,202007,인천,화장품 및 방향제 소매업,0
1188,202007,인천,휴양콘도 운영업,0
1189,202007,전남,건강보조식품 소매업,0
1190,202007,전남,골프장 운영업,0
1191,202007,전남,과실 및 채소 소매업,0
1192,202007,전남,관광 민예품 및 선물용품 소매업,0
1193,202007,전남,그외 기타 분류안된 오락관련 서비스업,0
1194,202007,전남,그외 기타 스포츠시설 운영업,0
1195,202007,전남,그외 기타 종합 소매업,0
1196,202007,전남,기타 대형 종합 소매업,0
1197,202007,전남,기타 수상오락 서비스업,0
1198,202007,전남,기타 외국식 음식점업,0
1199,202007,전남,기타 주점업,0
1200,202007,전남,기타음식료품위주종합소매업,0
1201,202007,전남,내항 여객 운송업,0
1202,202007,전남,마사지업,0
1203,202007,전남,면세점,0
1204,202007,전남,버스 운송업,0
1205,202007,전남,비알콜 음료점업,0
1206,202007,전남,빵 및 과자류 소매업,0
1207,202007,전남,서양식 음식점업,0
1208,202007,전남,수산물 소매업,0
1209,202007,전남,슈퍼마켓,0
1210,202007,전남,스포츠 및 레크레이션 용품 임대업,0
1211,202007,전남,여관업,0
1212,202007,전남,여행사업,0
1213,202007,전남,욕탕업,0
1214,202007,전남,육류 소매업,0
1215,202007,전남,일반유흥 주점업,0
1216,202007,전남,일식 음식점업,0
1217,202007,전남,자동차 임대업,0
1218,202007,전남,전시 및 행사 대행업,0
1219,202007,전남,정기 항공 운송업,0
1220,202007,전남,중식 음식점업,0
1221,202007,전남,차량용 가스 충전업,0
1222,202007,전남,차량용 주유소 운영업,0
1223,202007,전남,체인화 편의점,0
1224,202007,전남,택시 운송업,0
1225,202007,전남,피자 햄버거 샌드위치 및 유사 음식점업,0
1226,202007,전남,한식 음식점업,0
1227,202007,전남,호텔업,0
1228,202007,전남,화장품 및 방향제 소매업,0
1229,202007,전남,휴양콘도 운영업,0
1230,202007,전북,건강보조식품 소매업,0
1231,202007,전북,골프장 운영업,0
1232,202007,전북,과실 및 채소 소매업,0
1233,202007,전북,관광 민예품 및 선물용품 소매업,0
1234,202007,전북,그외 기타 분류안된 오락관련 서비스업,0
1235,202007,전북,그외 기타 스포츠시설 운영업,0
1236,202007,전북,그외 기타 종합 소매업,0
1237,202007,전북,기타 대형 종합 소매업,0
1238,202007,전북,기타 수상오락 서비스업,0
1239,202007,전북,기타 외국식 음식점업,0
1240,202007,전북,기타 주점업,0
1241,202007,전북,기타음식료품위주종합소매업,0
1242,202007,전북,내항 여객 운송업,0
1243,202007,전북,마사지업,0
1244,202007,전북,면세점,0
1245,202007,전북,버스 운송업,0
1246,202007,전북,비알콜 음료점업,0
1247,202007,전북,빵 및 과자류 소매업,0
1248,202007,전북,서양식 음식점업,0
1249,202007,전북,수산물 소매업,0
1250,202007,전북,슈퍼마켓,0
1251,202007,전북,스포츠 및 레크레이션 용품 임대업,0
1252,202007,전북,여관업,0
1253,202007,전북,여행사업,0
1254,202007,전북,욕탕업,0
1255,202007,전북,육류 소매업,0
1256,202007,전북,일반유흥 주점업,0
1257,202007,전북,일식 음식점업,0
1258,202007,전북,자동차 임대업,0
1259,202007,전북,전시 및 행사 대행업,0
1260,202007,전북,정기 항공 운송업,0
1261,202007,전북,중식 음식점업,0
1262,202007,전북,차량용 가스 충전업,0
1263,202007,전북,차량용 주유소 운영업,0
1264,202007,전북,체인화 편의점,0
1265,202007,전북,택시 운송업,0
1266,202007,전북,피자 햄버거 샌드위치 및 유사 음식점업,0
1267,202007,전북,한식 음식점업,0
1268,202007,전북,호텔업,0
1269,202007,전북,화장품 및 방향제 소매업,0
1270,202007,전북,휴양콘도 운영업,0
1271,202007,제주,건강보조식품 소매업,0
1272,202007,제주,골프장 운영업,0
1273,202007,제주,과실 및 채소 소매업,0
1274,202007,제주,관광 민예품 및 선물용품 소매업,0
1275,202007,제주,그외 기타 분류안된 오락관련 서비스업,0
1276,202007,제주,그외 기타 스포츠시설 운영업,0
1277,202007,제주,그외 기타 종합 소매업,0
1278,202007,제주,기타 대형 종합 소매업,0
1279,202007,제주,기타 수상오락 서비스업,0
1280,202007,제주,기타 외국식 음식점업,0
1281,202007,제주,기타 주점업,0
1282,202007,제주,기타음식료품위주종합소매업,0
1283,202007,제주,내항 여객 운송업,0
1284,202007,제주,마사지업,0
1285,202007,제주,면세점,0
1286,202007,제주,버스 운송업,0
1287,202007,제주,비알콜 음료점업,0
1288,202007,제주,빵 및 과자류 소매업,0
1289,202007,제주,서양식 음식점업,0
1290,202007,제주,수산물 소매업,0
1291,202007,제주,슈퍼마켓,0
1292,202007,제주,스포츠 및 레크레이션 용품 임대업,0
1293,202007,제주,여관업,0
1294,202007,제주,여행사업,0
1295,202007,제주,욕탕업,0
1296,202007,제주,육류 소매업,0
1297,202007,제주,일반유흥 주점업,0
1298,202007,제주,일식 음식점업,0
1299,202007,제주,자동차 임대업,0
1300,202007,제주,전시 및 행사 대행업,0
1301,202007,제주,정기 항공 운송업,0
1302,202007,제주,중식 음식점업,0
1303,202007,제주,차량용 가스 충전업,0
1304,202007,제주,차량용 주유소 운영업,0
1305,202007,제주,체인화 편의점,0
1306,202007,제주,택시 운송업,0
1307,202007,제주,피자 햄버거 샌드위치 및 유사 음식점업,0
1308,202007,제주,한식 음식점업,0
1309,202007,제주,호텔업,0
1310,202007,제주,화장품 및 방향제 소매업,0
1311,202007,제주,휴양콘도 운영업,0
1312,202007,충남,건강보조식품 소매업,0
1313,202007,충남,골프장 운영업,0
1314,202007,충남,과실 및 채소 소매업,0
1315,202007,충남,관광 민예품 및 선물용품 소매업,0
1316,202007,충남,그외 기타 분류안된 오락관련 서비스업,0
1317,202007,충남,그외 기타 스포츠시설 운영업,0
1318,202007,충남,그외 기타 종합 소매업,0
1319,202007,충남,기타 대형 종합 소매업,0
1320,202007,충남,기타 수상오락 서비스업,0
1321,202007,충남,기타 외국식 음식점업,0
1322,202007,충남,기타 주점업,0
1323,202007,충남,기타음식료품위주종합소매업,0
1324,202007,충남,내항 여객 운송업,0
1325,202007,충남,마사지업,0
1326,202007,충남,면세점,0
1327,202007,충남,버스 운송업,0
1328,202007,충남,비알콜 음료점업,0
1329,202007,충남,빵 및 과자류 소매업,0
1330,202007,충남,서양식 음식점업,0
1331,202007,충남,수산물 소매업,0
1332,202007,충남,슈퍼마켓,0
1333,202007,충남,스포츠 및 레크레이션 용품 임대업,0
1334,202007,충남,여관업,0
1335,202007,충남,여행사업,0
1336,202007,충남,욕탕업,0
1337,202007,충남,육류 소매업,0
1338,202007,충남,일반유흥 주점업,0
1339,202007,충남,일식 음식점업,0
1340,202007,충남,자동차 임대업,0
1341,202007,충남,전시 및 행사 대행업,0
1342,202007,충남,정기 항공 운송업,0
1343,202007,충남,중식 음식점업,0
1344,202007,충남,차량용 가스 충전업,0
1345,202007,충남,차량용 주유소 운영업,0
1346,202007,충남,체인화 편의점,0
1347,202007,충남,택시 운송업,0
1348,202007,충남,피자 햄버거 샌드위치 및 유사 음식점업,0
1349,202007,충남,한식 음식점업,0
1350,202007,충남,호텔업,0
1351,202007,충남,화장품 및 방향제 소매업,0
1352,202007,충남,휴양콘도 운영업,0
1353,202007,충북,건강보조식품 소매업,0
1354,202007,충북,골프장 운영업,0
1355,202007,충북,과실 및 채소 소매업,0
1356,202007,충북,관광 민예품 및 선물용품 소매업,0
1357,202007,충북,그외 기타 분류안된 오락관련 서비스업,0
1358,202007,충북,그외 기타 스포츠시설 운영업,0
1359,202007,충북,그외 기타 종합 소매업,0
1360,202007,충북,기타 대형 종합 소매업,0
1361,202007,충북,기타 수상오락 서비스업,0
1362,202007,충북,기타 외국식 음식점업,0
1363,202007,충북,기타 주점업,0
1364,202007,충북,기타음식료품위주종합소매업,0
1365,202007,충북,내항 여객 운송업,0
1366,202007,충북,마사지업,0
1367,202007,충북,면세점,0
1368,202007,충북,버스 운송업,0
1369,202007,충북,비알콜 음료점업,0
1370,202007,충북,빵 및 과자류 소매업,0
1371,202007,충북,서양식 음식점업,0
1372,202007,충북,수산물 소매업,0
1373,202007,충북,슈퍼마켓,0
1374,202007,충북,스포츠 및 레크레이션 용품 임대업,0
1375,202007,충북,여관업,0
1376,202007,충북,여행사업,0
1377,202007,충북,욕탕업,0
1378,202007,충북,육류 소매업,0
1379,202007,충북,일반유흥 주점업,0
1380,202007,충북,일식 음식점업,0
1381,202007,충북,자동차 임대업,0
1382,202007,충북,전시 및 행사 대행업,0
1383,202007,충북,정기 항공 운송업,0
1384,202007,충북,중식 음식점업,0
1385,202007,충북,차량용 가스 충전업,0
1386,202007,충북,차량용 주유소 운영업,0
1387,202007,충북,체인화 편의점,0
1388,202007,충북,택시 운송업,0
1389,202007,충북,피자 햄버거 샌드위치 및 유사 음식점업,0
1390,202007,충북,한식 음식점업,0
1391,202007,충북,호텔업,0
1392,202007,충북,화장품 및 방향제 소매업,0
1393,202007,충북,휴양콘도 운영업,0
